Day, AnimalsAmount ,PlantsAmount, AvgEnergy, AvgLifeSpan, FreePlaces, MostPopularGen
1,31,24,19.0,0.0,1472,2
2,31,46,12.806451612903226,0.0,1429,2
3,31,68,6.419354838709677,0.0,1385,2
4,28,89,1.0,3.0,1345,2
